,FType,count,mean_improve
0,390,2892,-0.027035346490712063
1,436,91,0.007932673464168555
